category,source_name,owner_or_publisher,official_level,home_url,api_or_download,coverage,typical_metrics,hot_keywords,video_formats,notes,last_reviewed,refresh_cadence,source_mode,live_search_query,refresh_rule
宏观经济,World Bank Data API,World Bank,国际机构官方,https://data.worldbank.org/,https://api.worldbank.org/v2/,全球国家年度,GDP/人口/通胀/贸易/能源/教育,gdp|人口|经济|国家|增长,长周期动态排行|国家对比|地图,适合国家年表类视频,2026-07-07,每次使用前校验，至少每90天复查,种子库，不是最终答案；使用前必须联网校验来源是否仍可用,World Bank Data API World Bank 宏观经济 GDP/人口/通胀/贸易/能源/教育 official data API CSV download documentation,先打开 home_url/api_or_download 核对；若失效、口径不匹配或热点不覆盖，按 live_search_query 联网补源并回写新来源
宏观经济,IMF Data,International Monetary Fund,国际机构官方,https://www.imf.org/en/Data,https://data.imf.org/,全球宏观和金融,GDP/通胀/债务/汇率/财政,imf|通胀|债务|财政|汇率,趋势线|国家排行|风险榜,部分接口较复杂,2026-07-07,每次使用前校验，至少每90天复查,种子库，不是最终答案；使用前必须联网校验来源是否仍可用,IMF Data International Monetary Fund 宏观经济 GDP/通胀/债务/汇率/财政 official data API CSV download documentation,先打开 home_url/api_or_download 核对；若失效、口径不匹配或热点不覆盖，按 live_search_query 联网补源并回写新来源
宏观经济,OECD Data Explorer,OECD,国际机构官方,https://data-explorer.oecd.org/,https://sdmx.oecd.org/public/rest/v1/,OECD及伙伴国家,生产率/教育/就业/税收,就业|教育|税收|生产率|发达国家,国家对比|指标卡|趋势线,适合发达经济体专题,2026-07-07,每次使用前校验，至少每90天复查,种子库，不是最终答案；使用前必须联网校验来源是否仍可用,OECD Data Explorer OECD 宏观经济 生产率/教育/就业/税收 official data API CSV download documentation,先打开 home_url/api_or_download 核对；若失效、口径不匹配或热点不覆盖，按 live_search_query 联网补源并回写新来源
宏观经济,UN Data,United Nations,国际机构官方,https://data.un.org/,https://data.un.org/Handlers/DownloadHandler.ashx,全球国家,人口/贸易/能源/社会指标,联合国|人口|能源|社会,长周期排行|地图,老牌综合库,2026-07-07,每次使用前校验，至少每90天复查,种子库，不是最终答案；使用前必须联网校验来源是否仍可用,UN Data United Nations 宏观经济 人口/贸易/能源/社会指标 official data API CSV download documentation,先打开 home_url/api_or_download 核对；若失效、口径不匹配或热点不覆盖，按 live_search_query 联网补源并回写新来源
贸易,UN Comtrade,United Nations,国际机构官方,https://comtradeplus.un.org/,https://comtradeapi.un.org/,全球商品贸易,进出口额/商品/伙伴国,贸易|出口|进口|关税|产业链,贸易流向图|国家排行|商品排行,免费额度和频率需注意,2026-07-07,每次使用前校验，至少每90天复查,种子库，不是最终答案；使用前必须联网校验来源是否仍可用,UN Comtrade United Nations 贸易 进出口额/商品/伙伴国 official data API CSV download documentation,先打开 home_url/api_or_download 核对；若失效、口径不匹配或热点不覆盖，按 live_search_query 联网补源并回写新来源
贸易,WTO Stats Portal,World Trade Organization,国际机构官方,https://stats.wto.org/,https://apiportal.wto.org/,全球贸易,商品贸易/服务贸易/关税,wto|贸易|服务贸易|关税,国家排行|趋势线,适合全球贸易热点,2026-07-07,每次使用前校验，至少每90天复查,种子库，不是最终答案；使用前必须联网校验来源是否仍可用,WTO Stats Portal World Trade Organization 贸易 商品贸易/服务贸易/关税 official data API CSV download documentation,先打开 home_url/api_or_download 核对；若失效、口径不匹配或热点不覆盖，按 live_search_query 联网补源并回写新来源
贸易,WITS,World Bank,国际机构官方,https://wits.worldbank.org/,https://wits.worldbank.org/API/,全球贸易和关税,贸易额/关税/竞争力,出口|进口|供应链|关税,国家对比|行业排行,适合产业链专题,2026-07-07,每次使用前校验，至少每90天复查,种子库，不是最终答案；使用前必须联网校验来源是否仍可用,WITS World Bank 贸易 贸易额/关税/竞争力 official data API CSV download documentation,先打开 home_url/api_or_download 核对；若失效、口径不匹配或热点不覆盖，按 live_search_query 联网补源并回写新来源
人口,UN World Population Prospects,UN DESA,国际机构官方,https://population.un.org/wpp/,https://population.un.org/wpp/Download/Standard/CSV/,全球人口,人口/年龄结构/生育率/预期寿命,老龄化|人口|出生率|印度|中国,长周期排行|人口金字塔|地图,人口专题首选,2026-07-07,每次使用前校验，至少每90天复查,种子库，不是最终答案；使用前必须联网校验来源是否仍可用,UN World Population Prospects UN DESA 人口 人口/年龄结构/生育率/预期寿命 official data API CSV download documentation,先打开 home_url/api_or_download 核对；若失效、口径不匹配或热点不覆盖，按 live_search_query 联网补源并回写新来源
劳工,ILOSTAT,International Labour Organization,国际机构官方,https://ilostat.ilo.org/,https://ilostat.ilo.org/data/bulk/,全球劳工,失业率/工资/劳动参与率,失业|工资|就业|青年,趋势线|国家对比,CSV批量下载友好,2026-07-07,每次使用前校验，至少每90天复查,种子库，不是最终答案；使用前必须联网校验来源是否仍可用,ILOSTAT International Labour Organization 劳工 失业率/工资/劳动参与率 official data API CSV download documentation,先打开 home_url/api_or_download 核对；若失效、口径不匹配或热点不覆盖，按 live_search_query 联网补源并回写新来源
健康,WHO Global Health Observatory,World Health Organization,国际机构官方,https://www.who.int/data/gho,https://ghoapi.azureedge.net/api/,全球健康,疾病/死亡率/医疗资源,疫情|疾病|寿命|医疗,地图|国家排行|趋势线,健康热点首选,2026-07-07,每次使用前校验，至少每90天复查,种子库，不是最终答案；使用前必须联网校验来源是否仍可用,WHO Global Health Observatory World Health Organization 健康 疾病/死亡率/医疗资源 official data API CSV download documentation,先打开 home_url/api_or_download 核对；若失效、口径不匹配或热点不覆盖，按 live_search_query 联网补源并回写新来源
健康,World Bank Health Indicators,World Bank,国际机构官方,https://data.worldbank.org/topic/health,https://api.worldbank.org/v2/,全球国家,预期寿命/医疗支出/死亡率,医疗|寿命|出生|死亡,国家排行|趋势线,与WHO互补,2026-07-07,每次使用前校验，至少每90天复查,种子库，不是最终答案；使用前必须联网校验来源是否仍可用,World Bank Health Indicators World Bank 健康 预期寿命/医疗支出/死亡率 official data API CSV download documentation,先打开 home_url/api_or_download 核对；若失效、口径不匹配或热点不覆盖，按 live_search_query 联网补源并回写新来源
健康,CDC Data,Centers for Disease Control and Prevention,国家官方,https://data.cdc.gov/,https://dev.socrata.com/foundry/data.cdc.gov/,美国,疾病/疫苗/公共卫生,美国疫情|流感|疫苗,地图|趋势线|州排行,美国健康热点,2026-07-07,每次使用前校验，至少每90天复查,种子库，不是最终答案；使用前必须联网校验来源是否仍可用,CDC Data Centers for Disease Control and Prevention 健康 疾病/疫苗/公共卫生 official data API CSV download documentation,先打开 home_url/api_or_download 核对；若失效、口径不匹配或热点不覆盖，按 live_search_query 联网补源并回写新来源
健康,ECDC Data,European Centre for Disease Prevention and Control,区域官方,https://www.ecdc.europa.eu/en/publications-data,https://www.ecdc.europa.eu/en/publications-data/data,欧洲,传染病/疫情,欧洲疫情|流感|传染病,国家对比|趋势线,欧洲公共卫生,2026-07-07,每次使用前校验，至少每90天复查,种子库，不是最终答案；使用前必须联网校验来源是否仍可用,ECDC Data European Centre for Disease Prevention and Control 健康 传染病/疫情 official data API CSV download documentation,先打开 home_url/api_or_download 核对；若失效、口径不匹配或热点不覆盖，按 live_search_query 联网补源并回写新来源
能源,Energy Institute Statistical Review,Energy Institute,专业权威,https://www.energyinst.org/statistical-review,https://www.energyinst.org/statistical-review/resources-and-data-downloads,全球能源,石油/天然气/煤炭/电力/消费,能源|石油|天然气|发电|煤炭,长周期排行|能源结构图,原BP统计年鉴延续,2026-07-07,每次使用前校验，至少每90天复查,种子库，不是最终答案；使用前必须联网校验来源是否仍可用,Energy Institute Statistical Review Energy Institute 能源 石油/天然气/煤炭/电力/消费 official data API CSV download documentation,先打开 home_url/api_or_download 核对；若失效、口径不匹配或热点不覆盖，按 live_search_query 联网补源并回写新来源
能源,IEA Data and Statistics,International Energy Agency,国际机构官方,https://www.iea.org/data-and-statistics,https://www.iea.org/data-and-statistics/data-tools,全球能源,能源供应/需求/排放,新能源|电力|石油|能源转型,趋势线|结构图|国家对比,部分数据需订阅,2026-07-07,每次使用前校验，至少每90天复查,种子库，不是最终答案；使用前必须联网校验来源是否仍可用,IEA Data and Statistics International Energy Agency 能源 能源供应/需求/排放 official data API CSV download documentation,先打开 home_url/api_or_download 核对；若失效、口径不匹配或热点不覆盖，按 live_search_query 联网补源并回写新来源
能源,U.S. EIA Open Data,U.S. Energy Information Administration,国家官方,https://www.eia.gov/opendata/,https://api.eia.gov/,美国及全球能源,油价/库存/发电/能源消费,油价|电价|天然气|美国能源,趋势线|地图|排行,API需要key但可申请,2026-07-07,每次使用前校验，至少每90天复查,种子库，不是最终答案；使用前必须联网校验来源是否仍可用,U.S. EIA Open Data U.S. Energy Information Administration 能源 油价/库存/发电/能源消费 official data API CSV download documentation,先打开 home_url/api_or_download 核对；若失效、口径不匹配或热点不覆盖，按 live_search_query 联网补源并回写新来源
能源,EMBER Data,Ember,专业权威,https://ember-climate.org/data-catalogue/,https://ember-climate.org/data-catalogue/yearly-electricity-data/,全球电力,发电量/电源结构/电力排放,发电|新能源|煤电|太阳能|风电,堆叠图|排行|结构变化,OWID也收录部分数据,2026-07-07,每次使用前校验，至少每90天复查,种子库，不是最终答案；使用前必须联网校验来源是否仍可用,EMBER Data Ember 能源 发电量/电源结构/电力排放 official data API CSV download documentation,先打开 home_url/api_or_download 核对；若失效、口径不匹配或热点不覆盖，按 live_search_query 联网补源并回写新来源
能源,JODI Oil and Gas,Joint Organisations Data Initiative,国际机构合作,https://www.jodidata.org/,https://www.jodidata.org/oil/database/data-downloads.aspx,全球油气,产量/消费/库存/贸易,油价|石油|天然气|库存,趋势线|国家排行,适合能源热点,2026-07-07,每次使用前校验，至少每90天复查,种子库，不是最终答案；使用前必须联网校验来源是否仍可用,JODI Oil and Gas Joint Organisations Data Initiative 能源 产量/消费/库存/贸易 official data API CSV download documentation,先打开 home_url/api_or_download 核对；若失效、口径不匹配或热点不覆盖，按 live_search_query 联网补源并回写新来源
能源,OPEC Annual Statistical Bulletin,OPEC,国际组织官方,https://asb.opec.org/,https://asb.opec.org/data/ASB_Data.php,油气国家,石油储量/产量/出口,opec|石油|产油国,国家排行|结构图,油气专题,2026-07-07,每次使用前校验，至少每90天复查,种子库，不是最终答案；使用前必须联网校验来源是否仍可用,OPEC Annual Statistical Bulletin OPEC 能源 石油储量/产量/出口 official data API CSV download documentation,先打开 home_url/api_or_download 核对；若失效、口径不匹配或热点不覆盖，按 live_search_query 联网补源并回写新来源
气候,NASA GISS Surface Temperature,NASA,国家官方,https://data.giss.nasa.gov/gistemp/,https://data.giss.nasa.gov/gistemp/tabledata_v4/,全球气温,温度距平/全球变暖,高温|气候|变暖|厄尔尼诺,趋势线|异常年份榜,气候热点首选,2026-07-07,每次使用前校验，至少每90天复查,种子库，不是最终答案；使用前必须联网校验来源是否仍可用,NASA GISS Surface Temperature NASA 气候 温度距平/全球变暖 official data API CSV download documentation,先打开 home_url/api_or_download 核对；若失效、口径不匹配或热点不覆盖，按 live_search_query 联网补源并回写新来源
气候,NOAA Climate Data Online,NOAA,国家官方,https://www.ncdc.noaa.gov/cdo-web/,https://www.ncei.noaa.gov/cdo-web/webservices/v2,全球/美国气候,温度/降水/极端天气,高温|飓风|降雨|气候,地图|趋势线,API需token,2026-07-07,每次使用前校验，至少每90天复查,种子库，不是最终答案；使用前必须联网校验来源是否仍可用,NOAA Climate Data Online NOAA 气候 温度/降水/极端天气 official data API CSV download documentation,先打开 home_url/api_or_download 核对；若失效、口径不匹配或热点不覆盖，按 live_search_query 联网补源并回写新来源
气候,Copernicus Climate Data Store,ECMWF/Copernicus,区域官方,https://cds.climate.copernicus.eu/,https://cds.climate.copernicus.eu/api-how-to,全球气候再分析,温度/降水/风/海温,欧洲高温|气候|海温,地图|热力图|趋势,专业但处理门槛高,2026-07-07,每次使用前校验，至少每90天复查,种子库，不是最终答案；使用前必须联网校验来源是否仍可用,Copernicus Climate Data Store ECMWF/Copernicus 气候 温度/降水/风/海温 official data API CSV download documentation,先打开 home_url/api_or_download 核对；若失效、口径不匹配或热点不覆盖，按 live_search_query 联网补源并回写新来源
气候,Global Carbon Project,Global Carbon Project,专业权威,https://globalcarbonbudget.org/,https://globalcarbonbudget.org/carbonbudget/,全球碳排,CO2排放/碳汇,碳排放|气候|净零,国家排行|趋势线,OWID常用其数据,2026-07-07,每次使用前校验，至少每90天复查,种子库，不是最终答案；使用前必须联网校验来源是否仍可用,Global Carbon Project Global Carbon Project 气候 CO2排放/碳汇 official data API CSV download documentation,先打开 home_url/api_or_download 核对；若失效、口径不匹配或热点不覆盖，按 live_search_query 联网补源并回写新来源
气候,Our World in Data Grapher,Our World in Data,专业整理,https://ourworldindata.org/grapher,https://ourworldindata.org/grapher/,全球多领域,气候/能源/健康/人口/科技,气候|能源|疫情|人口|ai,快速视频原型|趋势线|排行,需过滤地区汇总,2026-07-07,每次使用前校验，至少每30天复查,种子库，不是最终答案；使用前必须联网校验来源是否仍可用,Our World in Data Grapher Our World in Data 气候 气候/能源/健康/人口/科技 official data API CSV download documentation,先打开 home_url/api_or_download 核对；若失效、口径不匹配或热点不覆盖，按 live_search_query 联网补源并回写新来源
灾害,USGS Earthquake Catalog,USGS,国家官方,https://earthquake.usgs.gov/earthquakes/search/,https://earthquake.usgs.gov/fdsnws/event/1/,全球地震,震级/位置/深度/时间,地震|海啸|灾害,地图|Top榜|时间轴,适合突发灾害热点,2026-07-07,每次使用前校验，至少每7天复查,种子库，不是最终答案；使用前必须联网校验来源是否仍可用,USGS Earthquake Catalog USGS 灾害 震级/位置/深度/时间 official data API CSV download documentation,先打开 home_url/api_or_download 核对；若失效、口径不匹配或热点不覆盖，按 live_search_query 联网补源并回写新来源
灾害,NOAA Storm Events Database,NOAA,国家官方,https://www.ncdc.noaa.gov/stormevents/,https://www.ncdc.noaa.gov/stormevents/ftp.jsp,美国风暴,风暴/龙卷风/损失,飓风|龙卷风|暴雨,地图|损失排行,美国灾害专题,2026-07-07,每次使用前校验，至少每7天复查,种子库，不是最终答案；使用前必须联网校验来源是否仍可用,NOAA Storm Events Database NOAA 灾害 风暴/龙卷风/损失 official data API CSV download documentation,先打开 home_url/api_or_download 核对；若失效、口径不匹配或热点不覆盖，按 live_search_query 联网补源并回写新来源
灾害,NASA FIRMS,NASA,国家官方,https://firms.modaps.eosdis.nasa.gov/,https://firms.modaps.eosdis.nasa.gov/api/,全球火点,野火/热异常,山火|火灾|高温,地图|时间动画,需要API key,2026-07-07,每次使用前校验，至少每7天复查,种子库，不是最终答案；使用前必须联网校验来源是否仍可用,NASA FIRMS NASA 灾害 野火/热异常 official data API CSV download documentation,先打开 home_url/api_or_download 核对；若失效、口径不匹配或热点不覆盖，按 live_search_query 联网补源并回写新来源
灾害,EM-DAT,Université catholique de Louvain,专业权威,https://www.emdat.be/,https://public.emdat.be/,全球灾害,灾害死亡/损失/类型,洪水|地震|灾害|死亡,Top榜|趋势线,需注册,2026-07-07,每次使用前校验，至少每7天复查,种子库，不是最终答案；使用前必须联网校验来源是否仍可用,EM-DAT Université catholique de Louvain 灾害 灾害死亡/损失/类型 official data API CSV download documentation,先打开 home_url/api_or_download 核对；若失效、口径不匹配或热点不覆盖，按 live_search_query 联网补源并回写新来源
军事,SIPRI Military Expenditure Database,SIPRI,专业权威,https://www.sipri.org/databases/milex,https://www.sipri.org/databases/milex,全球军费,军费/占GDP比重,军费|战争|国防,长周期排行|国家对比,World Bank也镜像军费指标,2026-07-07,每次使用前校验，至少每90天复查,种子库，不是最终答案；使用前必须联网校验来源是否仍可用,SIPRI Military Expenditure Database SIPRI 军事 军费/占GDP比重 official data API CSV download documentation,先打开 home_url/api_or_download 核对；若失效、口径不匹配或热点不覆盖，按 live_search_query 联网补源并回写新来源
军事,NATO Defence Expenditure,NATO,国际组织官方,https://www.nato.int/cps/en/natohq/topics_49198.htm,https://www.nato.int/cps/en/natohq/topics_49198.htm,NATO成员,军费/GDP占比,北约|军费|欧洲防务,成员国排行|趋势线,适合北约热点,2026-07-07,每次使用前校验，至少每90天复查,种子库，不是最终答案；使用前必须联网校验来源是否仍可用,NATO Defence Expenditure NATO 军事 军费/GDP占比 official data API CSV download documentation,先打开 home_url/api_or_download 核对；若失效、口径不匹配或热点不覆盖，按 live_search_query 联网补源并回写新来源
军事,UN Peacekeeping Data,United Nations,国际机构官方,https://peacekeeping.un.org/en/data,https://peacekeeping.un.org/en/data,全球维和,人员/任务/预算,联合国|维和|冲突,任务排行|地图,适合国际冲突背景,2026-07-07,每次使用前校验，至少每90天复查,种子库，不是最终答案；使用前必须联网校验来源是否仍可用,UN Peacekeeping Data United Nations 军事 人员/任务/预算 official data API CSV download documentation,先打开 home_url/api_or_download 核对；若失效、口径不匹配或热点不覆盖，按 live_search_query 联网补源并回写新来源
农业,FAOSTAT,Food and Agriculture Organization,国际机构官方,https://www.fao.org/faostat/en/#data,https://fenixservices.fao.org/faostat/api/v1/,全球农业,粮食/作物/畜牧/土地,粮食|大豆|小麦|粮价|农业,国家排行|趋势线,农业食品热点首选,2026-07-07,每次使用前校验，至少每90天复查,种子库，不是最终答案；使用前必须联网校验来源是否仍可用,FAOSTAT Food and Agriculture Organization 农业 粮食/作物/畜牧/土地 official data API CSV download documentation,先打开 home_url/api_or_download 核对；若失效、口径不匹配或热点不覆盖，按 live_search_query 联网补源并回写新来源
农业,USDA NASS Quick Stats,USDA,国家官方,https://quickstats.nass.usda.gov/,https://quickstats.nass.usda.gov/api,美国农业,作物/牲畜/价格,美国农业|玉米|大豆,州排行|趋势线,需API key,2026-07-07,每次使用前校验，至少每90天复查,种子库，不是最终答案；使用前必须联网校验来源是否仍可用,USDA NASS Quick Stats USDA 农业 作物/牲畜/价格 official data API CSV download documentation,先打开 home_url/api_or_download 核对；若失效、口径不匹配或热点不覆盖，按 live_search_query 联网补源并回写新来源
粮食,WFP HungerMap,World Food Programme,国际机构官方,https://hungermap.wfp.org/,https://hungermap.wfp.org/,全球粮食安全,饥饿/粮食风险,饥荒|粮食危机|援助,地图|风险榜,适合公共议题,2026-07-07,每次使用前校验，至少每90天复查,种子库，不是最终答案；使用前必须联网校验来源是否仍可用,WFP HungerMap World Food Programme 粮食 饥饿/粮食风险 official data API CSV download documentation,先打开 home_url/api_or_download 核对；若失效、口径不匹配或热点不覆盖，按 live_search_query 联网补源并回写新来源
教育,UNESCO UIS,UNESCO,国际机构官方,https://uis.unesco.org/,https://apiportal.uis.unesco.org/,全球教育,入学率/教育投入/识字率,教育|大学|识字率,国家排行|趋势线,教育热点,2026-07-07,每次使用前校验，至少每90天复查,种子库，不是最终答案；使用前必须联网校验来源是否仍可用,UNESCO UIS UNESCO 教育 入学率/教育投入/识字率 official data API CSV download documentation,先打开 home_url/api_or_download 核对；若失效、口径不匹配或热点不覆盖，按 live_search_query 联网补源并回写新来源
教育,World Bank Education,World Bank,国际机构官方,https://data.worldbank.org/topic/education,https://api.worldbank.org/v2/,全球国家,教育支出/入学率,教育|学校|大学,国家对比|趋势线,与UNESCO互补,2026-07-07,每次使用前校验，至少每90天复查,种子库，不是最终答案；使用前必须联网校验来源是否仍可用,World Bank Education World Bank 教育 教育支出/入学率 official data API CSV download documentation,先打开 home_url/api_or_download 核对；若失效、口径不匹配或热点不覆盖，按 live_search_query 联网补源并回写新来源
科技,ITU DataHub,International Telecommunication Union,国际机构官方,https://datahub.itu.int/,https://www.itu.int/itu-d/apis/,全球通信,互联网/移动/宽带,互联网|手机|5G|宽带,国家排行|地图,科技基础设施专题,2026-07-07,每次使用前校验，至少每90天复查,种子库，不是最终答案；使用前必须联网校验来源是否仍可用,ITU DataHub International Telecommunication Union 科技 互联网/移动/宽带 official data API CSV download documentation,先打开 home_url/api_or_download 核对；若失效、口径不匹配或热点不覆盖，按 live_search_query 联网补源并回写新来源
科技,WIPO Statistics Data Center,WIPO,国际机构官方,https://www.wipo.int/ipstats/en/,https://www3.wipo.int/ipstats/,全球知识产权,专利/商标/工业品外观,专利|创新|芯片|ai,国家排行|趋势线,创新热点,2026-07-07,每次使用前校验，至少每90天复查,种子库，不是最终答案；使用前必须联网校验来源是否仍可用,WIPO Statistics Data Center WIPO 科技 专利/商标/工业品外观 official data API CSV download documentation,先打开 home_url/api_or_download 核对；若失效、口径不匹配或热点不覆盖，按 live_search_query 联网补源并回写新来源
科技,OECD Broadband Portal,OECD,国际机构官方,https://www.oecd.org/sti/broadband/broadband-statistics/,https://data-explorer.oecd.org/,OECD宽带,宽带/移动网络,宽带|5G|网络,国家对比|趋势线,适合发达国家比较,2026-07-07,每次使用前校验，至少每90天复查,种子库，不是最终答案；使用前必须联网校验来源是否仍可用,OECD Broadband Portal OECD 科技 宽带/移动网络 official data API CSV download documentation,先打开 home_url/api_or_download 核对；若失效、口径不匹配或热点不覆盖，按 live_search_query 联网补源并回写新来源
科技,StatCounter Global Stats,StatCounter,专业统计,https://gs.statcounter.com/,https://gs.statcounter.com/chart.php,全球互联网份额,浏览器/搜索/社媒/AI工具,ai|搜索|浏览器|社媒|手机,月度份额动态排行,第三方测量非官方,2026-07-07,每次使用前校验，至少每30天复查,种子库，不是最终答案；使用前必须联网校验来源是否仍可用,StatCounter Global Stats StatCounter 科技 浏览器/搜索/社媒/AI工具 official data API CSV download documentation,先打开 home_url/api_or_download 核对；若失效、口径不匹配或热点不覆盖，按 live_search_query 联网补源并回写新来源
金融,FRED,Federal Reserve Bank of St. Louis,国家官方/央行体系,https://fred.stlouisfed.org/,https://fred.stlouisfed.org/docs/api/fred/,美国和全球宏观,利率/CPI/GDP/就业,美联储|利率|通胀|就业,趋势线|指标卡,需要API key,2026-07-07,每次使用前校验，至少每7天复查,种子库，不是最终答案；使用前必须联网校验来源是否仍可用,FRED Federal Reserve Bank of St. Louis 金融 利率/CPI/GDP/就业 official data API CSV download documentation,先打开 home_url/api_or_download 核对；若失效、口径不匹配或热点不覆盖，按 live_search_query 联网补源并回写新来源
金融,BEA Data API,U.S. Bureau of Economic Analysis,国家官方,https://www.bea.gov/data,https://apps.bea.gov/API/signup/,美国经济,GDP/收入/消费,美国GDP|消费|收入,趋势线|州排行,需API key,2026-07-07,每次使用前校验，至少每7天复查,种子库，不是最终答案；使用前必须联网校验来源是否仍可用,BEA Data API U.S. Bureau of Economic Analysis 金融 GDP/收入/消费 official data API CSV download documentation,先打开 home_url/api_or_download 核对；若失效、口径不匹配或热点不覆盖，按 live_search_query 联网补源并回写新来源
金融,BLS Public Data API,U.S. Bureau of Labor Statistics,国家官方,https://www.bls.gov/data/,https://www.bls.gov/developers/,美国劳工和物价,CPI/就业/工资,美国CPI|失业|工资,趋势线|热力图,适合美国经济热点,2026-07-07,每次使用前校验，至少每7天复查,种子库，不是最终答案；使用前必须联网校验来源是否仍可用,BLS Public Data API U.S. Bureau of Labor Statistics 金融 CPI/就业/工资 official data API CSV download documentation,先打开 home_url/api_or_download 核对；若失效、口径不匹配或热点不覆盖，按 live_search_query 联网补源并回写新来源
金融,SEC EDGAR,SEC,国家官方,https://www.sec.gov/edgar,https://www.sec.gov/edgar/sec-api-documentation,美国上市公司,财报/申报/持仓,财报|上市公司|ai公司,榜单|公司对比,适合公司热点,2026-07-07,每次使用前校验，至少每7天复查,种子库，不是最终答案；使用前必须联网校验来源是否仍可用,SEC EDGAR SEC 金融 财报/申报/持仓 official data API CSV download documentation,先打开 home_url/api_or_download 核对；若失效、口径不匹配或热点不覆盖，按 live_search_query 联网补源并回写新来源
金融,ECB Statistical Data Warehouse,European Central Bank,央行官方,https://sdw.ecb.europa.eu/,https://data-api.ecb.europa.eu/,欧元区,利率/汇率/银行/通胀,欧洲央行|欧元|通胀,趋势线|国家对比,欧元区热点,2026-07-07,每次使用前校验，至少每7天复查,种子库，不是最终答案；使用前必须联网校验来源是否仍可用,ECB Statistical Data Warehouse European Central Bank 金融 利率/汇率/银行/通胀 official data API CSV download documentation,先打开 home_url/api_or_download 核对；若失效、口径不匹配或热点不覆盖，按 live_search_query 联网补源并回写新来源
金融,BIS Statistics,Bank for International Settlements,国际机构官方,https://www.bis.org/statistics/,https://stats.bis.org/api/v2/,全球金融,信贷/债务/支付/汇率,债务|银行|金融风险,趋势线|国家对比,金融稳定专题,2026-07-07,每次使用前校验，至少每7天复查,种子库，不是最终答案；使用前必须联网校验来源是否仍可用,BIS Statistics Bank for International Settlements 金融 信贷/债务/支付/汇率 official data API CSV download documentation,先打开 home_url/api_or_download 核对；若失效、口径不匹配或热点不覆盖，按 live_search_query 联网补源并回写新来源
中国宏观,国家统计局数据,国家统计局,国家官方,https://data.stats.gov.cn/,https://data.stats.gov.cn/easyquery.htm,中国全国/地区,人口/GDP/CPI/产业,中国GDP|人口|省份|经济,省份排行|趋势线,网页接口需适配,2026-07-07,每次使用前校验，至少每90天复查,种子库，不是最终答案；使用前必须联网校验来源是否仍可用,国家统计局数据 国家统计局 中国宏观 人口/GDP/CPI/产业 official data API CSV download documentation,先打开 home_url/api_or_download 核对；若失效、口径不匹配或热点不覆盖，按 live_search_query 联网补源并回写新来源
中国贸易,海关统计数据在线查询平台,海关总署,国家官方,http://stats.customs.gov.cn/,http://stats.customs.gov.cn/,中国贸易,进出口/商品/伙伴,出口|外贸|关税|贸易顺差,商品排行|国家流向,部分查询需手工,2026-07-07,每次使用前校验，至少每90天复查,种子库，不是最终答案；使用前必须联网校验来源是否仍可用,海关统计数据在线查询平台 海关总署 中国贸易 进出口/商品/伙伴 official data API CSV download documentation,先打开 home_url/api_or_download 核对；若失效、口径不匹配或热点不覆盖，按 live_search_query 联网补源并回写新来源
中国金融,中国人民银行统计数据,中国人民银行,央行官方,http://www.pbc.gov.cn/diaochatongjisi/116219/index.html,http://www.pbc.gov.cn/,中国金融,货币/信贷/利率,央行|社融|人民币|贷款,趋势线|指标卡,需解析公告表格,2026-07-07,每次使用前校验，至少每7天复查,种子库，不是最终答案；使用前必须联网校验来源是否仍可用,中国人民银行统计数据 中国人民银行 中国金融 货币/信贷/利率 official data API CSV download documentation,先打开 home_url/api_or_download 核对；若失效、口径不匹配或热点不覆盖，按 live_search_query 联网补源并回写新来源
中国金融,国家外汇管理局数据,国家外汇管理局,国家官方,https://www.safe.gov.cn/,https://www.safe.gov.cn/,中国外汇,外储/国际收支/外债,外汇|外储|汇率,趋势线|指标卡,公告型数据,2026-07-07,每次使用前校验，至少每7天复查,种子库，不是最终答案；使用前必须联网校验来源是否仍可用,国家外汇管理局数据 国家外汇管理局 中国金融 外储/国际收支/外债 official data API CSV download documentation,先打开 home_url/api_or_download 核对；若失效、口径不匹配或热点不覆盖，按 live_search_query 联网补源并回写新来源
中国工业,工信部数据,工业和信息化部,国家官方,https://www.miit.gov.cn/,https://www.miit.gov.cn/gxsj/,中国工业通信,工业/软件/通信/新能源汽车,新能源车|手机|工业|通信,趋势线|月度榜,公告型数据,2026-07-07,每次使用前校验，至少每90天复查,种子库，不是最终答案；使用前必须联网校验来源是否仍可用,工信部数据 工业和信息化部 中国工业 工业/软件/通信/新能源汽车 official data API CSV download documentation,先打开 home_url/api_or_download 核对；若失效、口径不匹配或热点不覆盖，按 live_search_query 联网补源并回写新来源
中国交通,交通运输部统计,交通运输部,国家官方,https://www.mot.gov.cn/tongjishuju/,https://www.mot.gov.cn/tongjishuju/,中国交通,货运/客运/港口/公路,港口|货运|春运|交通,省份排行|趋势线,适合交通热点,2026-07-07,每次使用前校验，至少每7天复查,种子库，不是最终答案；使用前必须联网校验来源是否仍可用,交通运输部统计 交通运输部 中国交通 货运/客运/港口/公路 official data API CSV download documentation,先打开 home_url/api_or_download 核对；若失效、口径不匹配或热点不覆盖，按 live_search_query 联网补源并回写新来源
中国航空,民航局统计数据,中国民用航空局,国家官方,https://www.caac.gov.cn/XXGK/XXGK/TJSJ/,https://www.caac.gov.cn/XXGK/XXGK/TJSJ/,中国民航,旅客量/航班/机场,机场|航班|旅游|春运,机场排行|趋势线,公告表格,2026-07-07,每次使用前校验，至少每90天复查,种子库，不是最终答案；使用前必须联网校验来源是否仍可用,民航局统计数据 中国民用航空局 中国航空 旅客量/航班/机场 official data API CSV download documentation,先打开 home_url/api_or_download 核对；若失效、口径不匹配或热点不覆盖，按 live_search_query 联网补源并回写新来源
中国能源,国家能源局统计,国家能源局,国家官方,https://www.nea.gov.cn/,https://www.nea.gov.cn/,中国能源,发电/用电/新能源,用电量|发电|光伏|风电,趋势线|省份/能源结构,公告型数据,2026-07-07,每次使用前校验，至少每90天复查,种子库，不是最终答案；使用前必须联网校验来源是否仍可用,国家能源局统计 国家能源局 中国能源 发电/用电/新能源 official data API CSV download documentation,先打开 home_url/api_or_download 核对；若失效、口径不匹配或热点不覆盖，按 live_search_query 联网补源并回写新来源
中国卫生,国家卫健委统计,国家卫健委,国家官方,http://www.nhc.gov.cn/,http://www.nhc.gov.cn/mohwsbwstjxxzx/tjzxtjsj/tjsj_list.shtml,中国卫生,卫生资源/疾病/人口健康,医疗|医院|生育|老龄化,趋势线|省份对比,年度公报,2026-07-07,每次使用前校验，至少每90天复查,种子库，不是最终答案；使用前必须联网校验来源是否仍可用,国家卫健委统计 国家卫健委 中国卫生 卫生资源/疾病/人口健康 official data API CSV download documentation,先打开 home_url/api_or_download 核对；若失效、口径不匹配或热点不覆盖，按 live_search_query 联网补源并回写新来源
中国教育,教育部统计,教育部,国家官方,http://www.moe.gov.cn/jyb_sjzl/,http://www.moe.gov.cn/jyb_sjzl/,中国教育,学校/学生/教师/经费,高考|大学|研究生|教育,趋势线|排行,年度统计公报,2026-07-07,每次使用前校验，至少每90天复查,种子库，不是最终答案；使用前必须联网校验来源是否仍可用,教育部统计 教育部 中国教育 学校/学生/教师/经费 official data API CSV download documentation,先打开 home_url/api_or_download 核对；若失效、口径不匹配或热点不覆盖，按 live_search_query 联网补源并回写新来源
旅游,UN Tourism Data Dashboard,UN Tourism,国际机构官方,https://www.unwto.org/tourism-data/un-tourism-tourism-dashboard,https://www.unwto.org/tourism-data,全球旅游,国际游客/收入/恢复率,旅游|五一|出境游|入境游,国家排行|恢复指数,旅游热点,2026-07-07,每次使用前校验，至少每7天复查,种子库，不是最终答案；使用前必须联网校验来源是否仍可用,UN Tourism Data Dashboard UN Tourism 旅游 国际游客/收入/恢复率 official data API CSV download documentation,先打开 home_url/api_or_download 核对；若失效、口径不匹配或热点不覆盖，按 live_search_query 联网补源并回写新来源
交通,ICAO Data Plus,ICAO,国际机构官方,https://data.icao.int/,https://data.icao.int/,全球民航,航班/旅客/货运,航空|机场|航班,趋势线|国家排行,部分数据需账号,2026-07-07,每次使用前校验，至少每7天复查,种子库，不是最终答案；使用前必须联网校验来源是否仍可用,ICAO Data Plus ICAO 交通 航班/旅客/货运 official data API CSV download documentation,先打开 home_url/api_or_download 核对；若失效、口径不匹配或热点不覆盖，按 live_search_query 联网补源并回写新来源
交通,World Bank Transport Indicators,World Bank,国际机构官方,https://data.worldbank.org/topic/transport,https://api.worldbank.org/v2/,全球交通,铁路/航空/港口/道路,铁路|港口|航空|物流,国家排行|趋势线,适合基础设施,2026-07-07,每次使用前校验，至少每7天复查,种子库，不是最终答案；使用前必须联网校验来源是否仍可用,World Bank Transport Indicators World Bank 交通 铁路/航空/港口/道路 official data API CSV download documentation,先打开 home_url/api_or_download 核对；若失效、口径不匹配或热点不覆盖，按 live_search_query 联网补源并回写新来源
体育,FIFA Men's Ranking,FIFA,体育组织官方,https://inside.fifa.com/fifa-world-ranking/men,https://inside.fifa.com/fifa-world-ranking/men,全球足球,国家队排名/积分,世界杯|足球|国家队,排行快照|历史变化,页面抓取或下载,2026-07-07,每次使用前校验，至少每90天复查,种子库，不是最终答案；使用前必须联网校验来源是否仍可用,FIFA Men's Ranking FIFA 体育 国家队排名/积分 official data API CSV download documentation,先打开 home_url/api_or_download 核对；若失效、口径不匹配或热点不覆盖，按 live_search_query 联网补源并回写新来源
体育,FIFA Women's Ranking,FIFA,体育组织官方,https://inside.fifa.com/fifa-world-ranking/women,https://inside.fifa.com/fifa-world-ranking/women,全球女足,国家队排名/积分,女足|世界杯|奥运,排行快照|历史变化,体育热点,2026-07-07,每次使用前校验，至少每90天复查,种子库，不是最终答案；使用前必须联网校验来源是否仍可用,FIFA Women's Ranking FIFA 体育 国家队排名/积分 official data API CSV download documentation,先打开 home_url/api_or_download 核对；若失效、口径不匹配或热点不覆盖，按 live_search_query 联网补源并回写新来源
体育,Olympics Medal Tables,IOC,体育组织官方,https://olympics.com/en/olympic-games,https://olympics.com/en/olympic-games,奥运会,奖牌榜/项目/国家,奥运|金牌|奖牌,奖牌排行|地图,适合赛事热点,2026-07-07,每次使用前校验，至少每90天复查,种子库，不是最终答案；使用前必须联网校验来源是否仍可用,Olympics Medal Tables IOC 体育 奖牌榜/项目/国家 official data API CSV download documentation,先打开 home_url/api_or_download 核对；若失效、口径不匹配或热点不覆盖，按 live_search_query 联网补源并回写新来源
城市,Eurostat Data Browser,Eurostat,区域官方,https://ec.europa.eu/eurostat/databrowser/,https://ec.europa.eu/eurostat/api/dissemination/statistics/1.0/data/,欧洲,人口/经济/能源/城市,欧洲|城市|通胀|能源,地图|国家对比,欧盟数据首选,2026-07-07,每次使用前校验，至少每90天复查,种子库，不是最终答案；使用前必须联网校验来源是否仍可用,Eurostat Data Browser Eurostat 城市 人口/经济/能源/城市 official data API CSV download documentation,先打开 home_url/api_or_download 核对；若失效、口径不匹配或热点不覆盖，按 live_search_query 联网补源并回写新来源
城市,U.S. Census Data API,U.S. Census Bureau,国家官方,https://www.census.gov/data/developers.html,https://api.census.gov/data.html,美国人口和地区,人口/收入/住房,美国人口|城市|州,地图|州排行,需了解表ID,2026-07-07,每次使用前校验，至少每90天复查,种子库，不是最终答案；使用前必须联网校验来源是否仍可用,U.S. Census Data API U.S. Census Bureau 城市 人口/收入/住房 official data API CSV download documentation,先打开 home_url/api_or_download 核对；若失效、口径不匹配或热点不覆盖，按 live_search_query 联网补源并回写新来源
城市,OpenAQ,OpenAQ,专业开放数据,https://openaq.org/,https://docs.openaq.org/,全球空气质量,PM2.5/PM10/NO2,空气质量|污染|雾霾,城市排行|地图,非官方但专业开放,2026-07-07,每次使用前校验，至少每90天复查,种子库，不是最终答案；使用前必须联网校验来源是否仍可用,OpenAQ OpenAQ 城市 PM2.5/PM10/NO2 official data API CSV download documentation,先打开 home_url/api_or_download 核对；若失效、口径不匹配或热点不覆盖，按 live_search_query 联网补源并回写新来源
环境,IQAir Air Quality,IQAir,专业统计,https://www.iqair.com/world-air-quality,https://www.iqair.com/air-pollution-data-api,全球空气质量,AQI/PM2.5,空气质量|城市|污染,城市排行|地图,API可能收费,2026-07-07,每次使用前校验，至少每30天复查,种子库，不是最终答案；使用前必须联网校验来源是否仍可用,IQAir Air Quality IQAir 环境 AQI/PM2.5 official data API CSV download documentation,先打开 home_url/api_or_download 核对；若失效、口径不匹配或热点不覆盖，按 live_search_query 联网补源并回写新来源
海洋,NOAA Tides and Currents,NOAA,国家官方,https://tidesandcurrents.noaa.gov/,https://api.tidesandcurrents.noaa.gov/api/prod/,美国海洋,潮位/海温/水位,海平面|飓风|潮汐,趋势线|地图,海洋灾害,2026-07-07,每次使用前校验，至少每90天复查,种子库，不是最终答案；使用前必须联网校验来源是否仍可用,NOAA Tides and Currents NOAA 海洋 潮位/海温/水位 official data API CSV download documentation,先打开 home_url/api_or_download 核对；若失效、口径不匹配或热点不覆盖，按 live_search_query 联网补源并回写新来源
空间,NASA Exoplanet Archive,NASA,国家官方,https://exoplanetarchive.ipac.caltech.edu/,https://exoplanetarchive.ipac.caltech.edu/docs/program_interfaces.html,天文,系外行星/恒星,太空|行星|天文,发现数量趋势|排行,科普热点,2026-07-07,每次使用前校验，至少每90天复查,种子库，不是最终答案；使用前必须联网校验来源是否仍可用,NASA Exoplanet Archive NASA 空间 系外行星/恒星 official data API CSV download documentation,先打开 home_url/api_or_download 核对；若失效、口径不匹配或热点不覆盖，按 live_search_query 联网补源并回写新来源
空间,NASA POWER, NASA,国家官方,https://power.larc.nasa.gov/,https://power.larc.nasa.gov/docs/services/api/,全球气象能源,太阳辐射/风速/温度,光伏|天气|能源,地图|趋势线,新能源选址,2026-07-07,每次使用前校验，至少每90天复查,种子库，不是最终答案；使用前必须联网校验来源是否仍可用,NASA POWER  NASA 空间 太阳辐射/风速/温度 official data API CSV download documentation,先打开 home_url/api_or_download 核对；若失效、口径不匹配或热点不覆盖，按 live_search_query 联网补源并回写新来源
空间,ESA Earth Observation Data,ESA,区域官方,https://earth.esa.int/eogateway/,https://earth.esa.int/eogateway/,全球遥感,卫星观测/地表/海洋,卫星|遥感|气候,地图|变化图,数据处理门槛高,2026-07-07,每次使用前校验，至少每90天复查,种子库，不是最终答案；使用前必须联网校验来源是否仍可用,ESA Earth Observation Data ESA 空间 卫星观测/地表/海洋 official data API CSV download documentation,先打开 home_url/api_or_download 核对；若失效、口径不匹配或热点不覆盖，按 live_search_query 联网补源并回写新来源
